{
  "E:\\ComfyUI_Models\\checkpoints\\Illustrious\\catpony_aniIlV62.safetensors": {
    "mtime": 1770495327.572459,
    "size": 6938040706,
    "sha256": "F2F307C03E21E8FBBF566DB953266AE2CBD19DC6EDA5D360CEFB4C9147E56259"
  },
  "E:\\ComfyUI_Models\\checkpoints\\Illustrious\\betterDaysIllustriousXL_illuXLV0341Unstable.safetensors": {
    "mtime": 1770115070.5367267,
    "size": 7105348234,
    "sha256": "3D901B1113B7B411609B37D0D5B75908832765CFE24BDB8EB947F5F47D919AEF"
  },
  "E:\\ComfyUI_Models\\checkpoints\\Illustrious\\catponyReal_ilV41.safetensors": {
    "mtime": 1771791857.1959238,
    "size": 6938042192,
    "sha256": "25021D14081757CFE1F8995D2558E849DF40C4E9FD6C2AB28515F7B5D8226139"
  },
  "E:\\ComfyUI_Models\\checkpoints\\Illustrious\\2dn_illustV2.safetensors": {
    "mtime": 1770113276.1490364,
    "size": 6938040680,
    "sha256": "498267E175004B1C0780A54EF239A826434E8A939D8692454C7D83E3A7708F3C"
  },
  "E:\\ComfyUI_Models\\checkpoints\\Illustrious\\cyberillustriousSemi_illustSemiRealV15.safetensors": {
    "mtime": 1773042734.4829593,
    "size": 7105347800,
    "sha256": "42D2407C863DA0894FCCCB0171DFB4FEA862478B481359EEE5270801715DD21B"
  },
  "E:\\ComfyUI_Models\\checkpoints\\Illustrious\\cyberrealistic_v100Redux.safetensors": {
    "mtime": 1771792006.5342638,
    "size": 6938041144,
    "sha256": "DEE725B46FF5602F0B14DA5AA5A4500836C64B035FB4A7482C724B4D55BE8B87"
  },
  "E:\\ComfyUI_Models\\checkpoints\\Illustrious\\fubuwaMIX3DREAL_v24.safetensors": {
    "mtime": 1772820388.5020852,
    "size": 7105584936,
    "sha256": "0AE59E7558E2F775A8FED996539F8C6EEFD65A02E6161447B50419AE5549623E"
  },
  "E:\\ComfyUI_Models\\checkpoints\\Illustrious\\graycolor_v12.safetensors": {
    "mtime": 1770114287.565022,
    "size": 6938040706,
    "sha256": "98C01676659C4CA9B0A92DC2E6C43EE5552D78868872CDE40262343DBA71B2ED"
  },
  "E:\\ComfyUI_Models\\checkpoints\\Illustrious\\hassakuXLIllustrious_v34.safetensors": {
    "mtime": 1770114424.305514,
    "size": 6938065408,
    "sha256": "1618EDB443D9C641FB01C4961F5875D5F01B1A851FD9F2EA64623CEAC82257E0"
  },
  "E:\\ComfyUI_Models\\checkpoints\\Illustrious\\cyberrealistic_playV20.safetensors": {
    "mtime": 1771021874.5177426,
    "size": 6938040400,
    "sha256": "454F7DAD2ADC250466392387D9A42F3B66F922492E2EFF8CFD8999B468C8DD93"
  },
  "E:\\ComfyUI_Models\\checkpoints\\Illustrious\\illustrijEVO_lvl3.safetensors": {
    "mtime": 1763832581.214118,
    "size": 7419803912,
    "sha256": "7F69A4B58E2A06A7C17BBF616E469CE2DE44BD625F7A2CE10E2476BDEB959506"
  },
  "E:\\ComfyUI_Models\\checkpoints\\Illustrious\\illustrij_v21.safetensors": {
    "mtime": 1772820550.677653,
    "size": 7419803912,
    "sha256": "105C4D62610D186E1B7E4100545B0AE9FAA0C730E70BCFF787A436A5D8069464"
  },
  "E:\\ComfyUI_Models\\checkpoints\\Illustrious\\ilustmix_v10.safetensors": {
    "mtime": 1771792415.1325595,
    "size": 7419809986,
    "sha256": "3959ADC6E4EC867889C9D80FCF8D71625824EA68F85716AF3B8B4B43C681D039"
  },
  "E:\\ComfyUI_Models\\checkpoints\\Illustrious\\hdaAnotherRainbow_v10.safetensors": {
    "mtime": 1770638781.9817164,
    "size": 6938066946,
    "sha256": "F7287F14DE1E3E8AFBE75BA4CE190D800C847FFD82C3FDE3EEDE900B66C4348B"
  },
  "E:\\ComfyUI_Models\\checkpoints\\Illustrious\\miaomiaoHarem_v195.safetensors": {
    "mtime": 1772225834.6332471,
    "size": 6938040400,
    "sha256": "57F9F07CE94473F7854CA08A4BC665180ECDF9D5243BB0ED0B7C8CB7EA0CFF6D"
  },
  "E:\\ComfyUI_Models\\checkpoints\\Illustrious\\nova3DCGXL_ilV90.safetensors": {
    "mtime": 1772820691.1113756,
    "size": 6938530484,
    "sha256": "7E6A80D04A39FB5AD3F397307CA20FE4C2A78D7FB85DAF33F53D13FB3F138F4C"
  },
  "E:\\ComfyUI_Models\\checkpoints\\Illustrious\\miaomiaoRealskin_epsV14.safetensors": {
    "mtime": 1770113813.2416563,
    "size": 6938041144,
    "sha256": "667B5E3BEDE5A2FD53BB6F0EA5B93A89453D6855FA2E5D95ACDE93CF543C4F7C"
  },
  "E:\\ComfyUI_Models\\checkpoints\\Illustrious\\novaOrangeXL_exV10.safetensors": {
    "mtime": 1770638301.6610196,
    "size": 6938507860,
    "sha256": "FC74F1E679CDBF68161DF4D8E136982E5D37B2216808436D002281CABB947E4D"
  },
  "E:\\ComfyUI_Models\\checkpoints\\Illustrious\\novaAsianXL_illustriousV70.safetensors": {
    "mtime": 1767642242.3896656,
    "size": 6938644772,
    "sha256": "96282371A1C3963C55AB46F961F2136F2029BB11799B6C41F316BBAC6AAB6F44"
  },
  "E:\\ComfyUI_Models\\checkpoints\\Illustrious\\oneObsession_v20Bold.safetensors": {
    "mtime": 1772226027.632061,
    "size": 6938040682,
    "sha256": "7CE890BD4225CAE66B73F5291D47DFC07C60012630DBA21CD0536D041254CD8B"
  },
  "E:\\ComfyUI_Models\\checkpoints\\SUPIR\\SUPIR-v0F.ckpt": {
    "mtime": 1758456793.752479,
    "size": 5329719950,
    "sha256": "9D8906255E2A2CC97B52D95D575461ECA2A8971647D5E3E763291965C3A35314"
  },
  "E:\\ComfyUI_Models\\diffusion_models\\Flux\\flux.1-dev-SRPO-fp8.safetensors": {
    "mtime": 1764662277.7460344,
    "size": 11901549720,
    "sha256": "F7B15F4DE9CCD21F764162B830BDC5DC237270D2D752E83341B0C75C510C068E"
  },
  "E:\\ComfyUI_Models\\diffusion_models\\Flux\\flux1-dev-fp8.safetensors": {
    "mtime": 1749651037.3103285,
    "size": 17246524772,
    "sha256": "8E91B68084B53A7FC44ED2A3756D821E355AC1A7B6FE29BE760C1DB532F3D88A"
  },
  "E:\\ComfyUI_Models\\diffusion_models\\Chroma\\Chroma1-HD-Flash.safetensors": {
    "mtime": 1770927902.1037993,
    "size": 17800038288,
    "sha256": "2C0C7D908D04418A48B453C293237A9826D54472CF0BA76E28697D1309D1021B"
  }
}